"Words","Count","global_stdev_ppb","range","global_freq_ppb"
"1553",1,39631.48,1.42592758697507e-05,697.6082
"1700",1,374820.72,0.000489593454928668,2483.5068
"1739",1,76170.02,1.61892435630284e-05,74.9502
"17th",1,1028238.8,0.00352125416271078,17795.6
"1818",1,113573.32,4.66190254453874e-05,214.43152
"1849",1,76446.435,5.72994291848853e-05,249.04977
"1862",1,91125.66,5.8142618953793e-05,279.70206
"1865",1,123662.66,9.23573860210266e-05,424.15765
"1867",1,169275.15,4.98793592184972e-05,224.1784
"1868",1,63847.605,3.82808155084109e-05,180.68712
"1869",1,97566.14,5.99788988949698e-05,257.92282
"19th",2,1013499.6,0.00366139230230324,19141.543
"abide",1,250881.45,0.00028366777581098,1225.2845
"abiding",1,466943,0.000754973381529561,3488.7808
"abroad",1,861676.2,0.00161622614904234,8914.705
"acadam",1,24.820057,7.49502016806871e-08,0.26887965
"accord",1,565115.65,0.000904929997542196,6281.029
"addressed",1,250649.78,0.000741894571336281,3015.1492
"adore",10,1396366.2,0.00310286339937876,15897.711
"adored",1,372426.06,0.000296559210500059,1189.6581
"afar",4,256448.93,0.000385656262747975,1569.4506
"afeeding",1,26.354481,1.87375504201718e-08,0.06721991
"affright",1,3436.6917,7.12026915966527e-07,2.6887965
"aid",1,1916056.4,0.0101659080800608,77499.586
"alleluia",4,184309.81,4.31338410672354e-05,204.48297
"alter",1,806033.1,0.00197964093944157,9925.895
"angel",6,2699009,0.00819741598311927,49172.04
"angelic",1,334964.5,0.000283967576617703,1282.8921
"angels",34,2010752,0.00608899185963986,38896.4
"anthems",1,205066.87,0.000225675057260549,1056.0249
"appear",1,926541.05,0.00614338696850962,31672.143
"appeared",2,418321.67,0.00167672969934907,7964.014
"appearing",1,442558.03,0.00126459727785739,5380.685
"arise",1,569030.8,0.000783454458168222,3779.2378
"arms",1,1372683.4,0.00801727317337973,42833.066
"asleep",3,3639252.2,0.0180955644676758,108913.4
"ass",2,5574085.3,0.0358197319484735,456177.88
"assuredly",1,59209.113,5.48635476302629e-05,227.33775
"astray",1,185785.57,0.00021491970331937,851.878
"attributed",1,102377.715,0.000228448214722734,940.4738
"awe",2,1316971,0.00291449480500478,17498.889
"awed",1,241936.29,0.000129982387264732,500.65393
"babe",10,3694535.7,0.00899548573061522,78621.22
"babel",1,407302.84,0.000277278271117702,1457.1934
"baby",2,10536533,0.0567482079266247,587066.4
"balthazar",1,160634.05,5.69059406260617e-05,250.59583
"bands",2,1284700.5,0.00637037365429958,37412.383
"banner",1,997730.5,0.00292502530834091,17754.594
"beam",1,691889.6,0.000955446433474979,4613.1006
"beaming",1,236947.12,0.000272781259016861,1121.5643
"beams",1,264082.25,0.000457870782067317,2169.321
"bearing",1,435659.75,0.000658512471966517,3470.9004
"beautiful",2,7130697.4,0.0423350780303739,322218
"beauty",5,2423585.2,0.0106517540249055,78844.66
"bed",5,14308246,0.0574626707241458,554916.2
"begin",1,2731299.7,0.0136321675322884,72724.55
"behold",6,539265.9,0.00117203377878174,5242.3467
"belfries",1,1579.2316,3.1853835714292e-07,1.2099584
"bells",3,834092.96,0.00250740278457613,12381.706
"bend",2,816454.65,0.0021755795041853,11723.893
"bended",1,112953.705,5.93043470798436e-05,257.78836
"bending",3,355536.12,0.000524520248911868,2121.9983
"beneath",2,449248.18,0.00123830849461789,5420.345
"beside",2,935000.7,0.0030066648155216,13516.11
"bethlehem",13,384089.9,0.000316027525386617,2083.3467
"bethlehems",1,19605.775,8.05714668067386e-07,5.7136927
"beyond",1,2168642.6,0.0144303497050869,91101.94
"birth",9,1431029.9,0.006320981471392,34747.79
"bitter",1,967840.1,0.00351190412505111,16102.599
"bleeding",1,984020.5,0.00242885497321477,10914.968
"bless",1,2734646.2,0.0101567266803549,68361.31
"blessed",7,2809492.4,0.00847381358936722,55197.297
"blessings",2,1274727.6,0.00326809111898384,20358.559
"bliss",1,1361387.4,0.00294870957207201,14499.402
"blood",1,3303844,0.0186661603530709,128901.65
"born",42,2369383.1,0.012374615573389,70435.11
"borne",1,203998.83,0.000175983073546253,789.9012
"bought",1,4649335,0.037112697877667,336733.78
"bow",1,1480273.3,0.0043586727660891,24956.133
"bowed",1,153809.33,0.000155915157046249,641.1435
"boy",3,5586137.5,0.0376982275907469,306235.03
"bread",1,1775253.8,0.00884279343224124,49000.426
"break",1,6005428,0.038031531137621,256776.11
"breaks",2,986633.6,0.0066561212982072,34560.176
"breathes",1,210657.66,0.000324759223882417,1319.1908
"bright",7,1521504.8,0.00944359424891363,48162.598
"brighter",1,614740.65,0.00171913277594992,7374.495
"brightly",1,226476.35,0.000294779143210142,1224.4779
"bring",16,3822027.2,0.0361609614791752,246969.31
"brings",2,1197633.8,0.0101505807638171,56436.496
"brother",1,4426295,0.0235181740841727,161170.9
"brotherhood",1,503078.2,0.000407298133483274,2050.1401
"brought",1,1355529.1,0.0126152806709857,65997.85
"busy",1,8044305,0.0284319655190098,186224.7
"calls",2,2043749.2,0.0153678643028098,102564.69
"calm",1,1539972.7,0.00680963804879966,42907.145
"care",2,4876970,0.0415030183664158,414220.72
"carol",4,1907166.4,0.00375541733031167,19837.674
"carols",1,395563.75,0.000892469526512781,3977.7383
"carried",1,478684.87,0.00185334984960961,7950.57
"casper",1,585230.9,0.000427553425487479,2275.5957
"cast",1,1436390.1,0.00770287581487967,48003.02
"cattle",2,470218.6,0.000628869667201805,3628.0603
"cease",3,475139.5,0.00139240610927338,6143.9
"ceasing",1,112542.16,9.2938250084052e-05,365.5419
"cecil",1,291703.3,0.00023232688765971,1198.3966
"century",3,1316214.3,0.00523800726975734,29771.43
"chains",1,618132.94,0.00184062705287431,9203.481
"chant",1,366517,0.000725236889012748,3401.6636
"charity",1,1299863.6,0.00672545023476183,47446.37
"charles",1,1591786.7,0.00565499271680784,34364.43
"chatterton",1,48311.624,5.69621532773222e-06,31.66058
"cheese",1,2996503.1,0.0144284759500449,87013.62
"child",14,2373284.4,0.0168693042179781,123515.12
"childhood",1,816635.1,0.00385118495050916,18386.596
"childhoods",1,72736.4,3.15727724579894e-05,116.89543
"children",5,2646658.8,0.0160901593964065,121396.74
"chilly",1,1159145.1,0.00279822830464761,12961.546
"chime",1,277488.67,0.000414062389184956,2179.6729
"choirs",1,167017.38,0.000150125253966416,656.6713
"chorus",2,695933.76,0.00161538295927343,8151.557
"christ",44,1506985.2,0.00570758902083726,38806.258
"christendom",1,50619.215,2.15669205336177e-05,96.32613
"christian",7,2154519.8,0.00770714797637547,60806.598
"christmas",7,10677600,0.0664433725274795,775373
"citizens",1,664721.24,0.00275329565874004,16542.35
"city",3,4903929,0.0393359644476716,379497.56
"climbing",1,1241788,0.00226501383234078,11773.636
"clime",1,104030.58,1.94308397857181e-05,76.83237
"close",4,3355281.7,0.0312630969621953,216577.25
"cloven",1,32256.146,1.13549555546241e-05,49.675518
"cold",3,8076435,0.0476194607374212,377608.6
"comes",1,2926048,0.0314780916157163,211577.23
"comfort",21,983512.7,0.00463012365902612,23853.793
"coming",1,7130358,0.0590277808356419,476983.22
"contemplations",1,87738.51,1.21794077731116e-05,51.221573
"continued",1,1006192.8,0.00252540957052991,13461.46
"country",1,3427617.7,0.0242398321010552,178150.78
"cradle",4,481308.35,0.000554893818142967,2901.346
"creations",1,598593.85,0.00080400955097915,4251.323
"crib",2,3950914,0.00460662677079923,33108.16
"cries",1,626096.44,0.00180227128716422,8545.533
"cross",1,1763374.2,0.0124147888814898,75805.375
"crown",1,883011.73,0.0029361554132905,15605.305
"crowned",1,247931.14,0.000457833306966477,2126.569
"crushing",1,884252.37,0.00114840572770191,4783.8394
"crying",1,3341474.8,0.0101738902765398,53589.73
"curse",3,820023,0.00359639173989567,16498.12
"dancing",1,4855718.5,0.0145095908058138,84187.56
"dark",2,2630394.7,0.0200010047074535,126066.37
"davids",4,565726.9,0.000302929977642917,1501.8945
"dawn",1,1621738.2,0.00455344960270678,24697.74
"day",11,19367434,0.179032122700825,2923288.5
"days",1,8779667,0.0745456579671156,640677.6
"dead",1,4314981.4,0.0295953050743966,238450.81
"dear",5,3873314.7,0.0246137024445889,188449.55
"deep",3,2457071.6,0.0155317241812342,92966.95
"deface",1,151244.94,5.22590281218591e-05,206.63402
"deity",2,156473.53,0.000169987057411798,810.5377
"delight",1,691162.36,0.00183817243376927,8496.328
"deo",8,536273.47,0.000198055907941216,986.4523
"descend",1,170398.97,0.000265529827004254,1052.5967
"descending",1,195756.06,0.000179599420777346,724.22736
"desire",1,1062069,0.00471584795219841,24537.016
"despair",1,621393.44,0.000821341785117809,3536.574
"die",1,5209381.7,0.0332316265342377,402498.72
"dimmed",1,60832.746,6.41011599874076e-05,247.03317
"dismay",1,162182.4,0.000171729649600874,670.0481
"displayed",1,281492.34,0.000623004813920291,3801.2188
"divine",3,856917.24,0.00205052509268108,11265.99
"dix",1,366391.32,0.000207893121911806,1140.7219
"donkey",1,921979.4,0.00194988570937433,9038.256
"door",2,2401798,0.0210298648634747,143723.38
"doth",2,174452.43,0.000195582551285753,856.0456
"dread",1,526877.9,0.00110107467534055,4881.443
"dreamless",1,91434.65,3.45707805252169e-05,143.58173
"drew",1,1668764.6,0.00503183800248419,27464.041
"dwell",1,322107.78,0.000797245295277468,3488.7808
"dying",1,3244565.8,0.0104736348706113,53604.25
"ear",1,1362499.8,0.00677982660608117,34847.88
"earth",31,3125438.5,0.0185002393441003,115098.77
"east",1,2485876,0.0162931620176587,150175.2
"echoes",1,361342.65,0.000472692184449673,2134.77
"echoing",1,193979.05,0.000173284866285749,689.67633
"edmund",1,255158.35,0.000260320787987446,1232.6787
"embrace",1,792226.46,0.00293638026389554,13712.996
"emmanuel",2,446390.5,0.000409378001579913,2283.7295
"employ",1,376954.18,0.000580208248760619,2539.0308
"endless",1,1037332.5,0.00268951303710978,12904.006
"english",1,4808262.5,0.018199745248012,126204.79
"enter",1,2801172.7,0.0133628339825489,139657.23
"entered",2,2138590.7,0.00536276188045484,47543.367
"enters",1,356395.93,0.00140130644572297,7173.8438
"enthrone",1,27016.253,3.82246028571504e-06,15.59502
"error",1,1836304.6,0.00613186337500121,36777.965
"estate",1,2545477,0.00545154039434561,95709.26
"everlasting",3,498270.3,0.000504808345869848,2320.8347
"evermore",3,224153.28,9.32942635420352e-05,443.65143
"excelsis",8,92206.334,1.55521668487426e-05,66.00996
"exultation",1,32219.42,1.06616661890777e-05,42.079666
"eyes",1,3091611.4,0.0277834776365181,185675.84
"fail",1,3893730.7,0.0255491933868664,219908.19
"faith",2,1901836,0.00942255197979178,59376.96
"faithful",2,727889.1,0.00190590867853819,8702.0205
"fall",1,4387586.4,0.0362686461814399,263041.4
"familiar",1,1462159.9,0.0046774734489379,21324.914
"father",2,1950376.2,0.0103949371588466,60941.64
"favored",1,370420.78,0.000392870219659741,1772.9252
"fear",5,1941515.5,0.0120716481206452,75988.95
"feared",1,267693.25,0.000783135919811079,3835.9043
"fears",1,686052.43,0.00285018753196275,17645.63
"feed",1,2554135.6,0.0119281559595276,82620.195
"feeding",1,2388630,0.00295358133518126,13744.523
"feeleth",1,3274.606,6.55814264706012e-07,2.352697
"field",1,1967650,0.0105688216267458,73168.945
"fields",4,780413.57,0.00235339885767273,11856.988
"fit",1,3078569.7,0.0199704625002687,135174.14
"flesh",3,557736.26,0.00162497658508856,7645.66
"flight",1,2411083.6,0.0141865741741204,96831.36
"floats",1,353369.86,0.00079083705303377,3270.047
"flocks",5,121314.886,7.55310657437124e-05,299.3303
"floods",1,497822.53,0.000858929311260674,4808.711
"flow",1,1788274.2,0.00608258361739616,35043.555
"folk",2,998341.7,0.00416127267241259,24357.807
"follow",1,14965027,0.0652459493678784,1005859
"following",1,7900003,0.0315063103666491,258152.17
"foretold",2,83627.87,4.74622152142951e-05,190.36679
"forever",2,4014405.4,0.0219041777036304,128717.13
"forms",1,980740.1,0.00338467615769815,18372.28
"forthwith",1,46917.24,3.85806163151337e-05,152.72365
"forward",1,5915836,0.0381490343163059,261803.69
"found",6,7222407,0.050226922041241,394824.28
"fountain",1,632464.65,0.00156066931204653,7872.0566
"frances",1,530873.54,0.000539191750890863,2678.512
"francis",1,791297.1,0.00164956025123982,8723.061
"frankincense",2,51064.46,4.64503874916058e-05,215.43982
"free",1,11642496,0.0902944754075178,1570515.6
"french",2,3658489.8,0.017247952636869,130985.66
"friend",1,8351162,0.052372521464754,445721
"gain",1,1640294.4,0.00751636223799728,64098.758
"gathered",1,258127.3,0.000828443316727054,3812.243
"gathering",1,1136277.2,0.00312943324587457,15602.279
"gentle",3,819731.15,0.00180292710142893,8374.324
"gentlemen",2,590955.2,0.00223117381628195,9911.105
"gift",1,3028339.7,0.0232675406097525,226853.97
"gifts",1,1564139.6,0.00957003523914895,68155.01
"glad",3,4461491.5,0.0346499466757421,264140.06
"gladness",1,101892.39,8.81226996260678e-05,352.29956
"gladsome",1,7701.652,1.08677792436996e-06,4.369294
"gleaming",1,155015.37,9.12143954453962e-05,372.06223
"glitter",1,710831.3,0.00190885047395416,9432.903
"gloom",1,351869.1,0.000522721444071532,2219.1309
"glooria",8,49543.86,1.48026648319357e-06,5.5792527
"glories",3,116604.744,7.41070119117793e-05,314.99252
"glorious",3,1024724.7,0.00291172164754259,13145.123
"glory",28,1515957.1,0.00438469922362271,23463.244
"glowing",1,570380.5,0.000927321370294301,3876.1692
"goat",1,808374.3,0.00202095723811805,10272.212
"god",33,8078068,0.0557390596736455,565619.94
"godhead",1,85167.36,1.69762206806756e-05,73.404144
"gods",1,1029923.6,0.00385504488589572,18816.266
"gold",5,2950073.5,0.0157059834001418,143460.94
"golden",1,1963548.1,0.0098597177686448,59752.926
"gone",2,4173629,0.0317531775934348,224497.03
"goodness",2,1737633.7,0.0077277030691864,40457.848
"goodwill",8,474527.3,0.000829398931798483,3917.173
"gospel",1,1189273.3,0.00240871210651308,17761.652
"grace",3,1836553.9,0.00594491883445916,33771.418
"gracious",1,446335.24,0.000810736331579992,3491.7385
"grateful",1,1309205.8,0.00473211214596312,26328.023
"grave",1,886641.5,0.00258516361881984,11921.787
"greet",2,730780.3,0.00222885036002985,10954.694
"grew",1,700494.2,0.00409306798888316,19348.848
"ground",2,1689868,0.0124668043214562,71317.836
"grow",1,2293588.4,0.0154502533120073,95944.39
"growing",1,2041690.5,0.00994167581418264,59226.457
"guard",5,933811.3,0.0041763376629504,26383.95
"guardian",1,1002758.2,0.00308090299028632,27723.307
"guide",5,2063038.5,0.011608474611809,132198.58
"hail",5,2051295.7,0.00448125382093786,23118.475
"hailed",1,147750.66,0.00030652758732359,1707.3857
"hall",1,2103628.6,0.0121412768580066,80113.766
"hallowed",1,173537.18,0.000105211345609264,445.19748
"hand",1,2648418.5,0.0256943719275219,171228.62
"hands",1,2240502.3,0.0204155917480503,124102.414
"happy",2,23041680,0.118426790020208,1287619.2
"hark",5,179540.03,0.000142105582386583,616.4738
"haste",10,436619.16,0.000391258790323607,1705.3691
"hasten",3,121018.32,9.83159270546413e-05,387.05228
"hastening",1,30870.968,1.19545571680696e-05,46.516182
"hate",1,8550088,0.0569257274793054,542622.2
"hath",2,325119.68,0.000505407947483293,2506.0256
"hay",3,5166322,0.00807813273714445,67356.04
"head",3,5229623,0.0476525699890136,399746.22
"healing",1,1538763.2,0.00288176030442074,19800.5
"hear",13,4263526.3,0.0430141643327018,351404.34
"heard",6,3237269.1,0.0360412472695407,274828.03
"hears",1,491281.16,0.00136379386978178,6243.251
"heart",5,4680557.6,0.0395588288723692,310136.47
"hearts",3,2456990.5,0.00742552259356029,40738.293
"heaven",15,2049143.4,0.0098798793728969,50732.883
"heavenborn",1,3485.0484,7.49502016806871e-08,0.33609957
"heavenly",9,573981.03,0.00122103247313049,5554.4487
"heavens",4,507100.54,0.00100345203765146,4444.5806
"heavnly",1,47048.736,1.94870524369786e-06,7.125311
"heed",1,269725.9,0.000472804609752194,1913.2804
"held",1,1103039.1,0.00752633061482081,44171.28
"hell",1,7805947,0.0389945850165665,336341.1
"help",2,9528718,0.0691380758660557,737691
"helpless",1,578772.16,0.00059559177765558,2448.5525
"henceforth",1,124098.24,0.000138826511063053,533.1211
"henry",1,2177781.4,0.00704460693106862,49954.68
"herald",5,536380.2,0.00155094452337846,19321.02
"hills",6,2023400.5,0.00581729737854737,34676.87
"holds",1,827234.2,0.00462259116375722,25153.02
"holy",16,2509999.3,0.0152090823005492,97622.47
"honor",1,1255879.2,0.0076539520707326,43277.387
"hope",2,8238049,0.0873013391033996,925809.94
"hopes",1,1520547.1,0.00657191474661894,36804.38
"hosanna",12,180989.66,6.20400294411887e-05,305.64893
"host",1,1403271.7,0.00887753285072024,60687.348
"hosts",1,522272,0.00257553251790387,15059.479
"hours",2,4794741,0.0486003340268163,400165.44
"house",1,13508962,0.0793792152110535,854668.4
"human",2,2477578.6,0.0162210786611923,114277.62
"humble",2,760454.74,0.00245057179415174,11433.503
"hush",6,1237054,0.00212836087712647,14308.565
"hymns",1,177656.11,0.000177388389827766,919.03064
"imparts",1,36135.03,1.92809393823567e-05,76.76514
"incarnate",1,178141.34,0.000104780381949601,653.512
"incense",2,261826.44,0.000276791094806777,1365.9758
"infant",2,394110.2,0.00095005001895397,6192.231
"infest",1,99864.69,4.88113188445475e-05,207.70953
"inn",1,1352928.6,0.00305215958794178,18858.01
"inspire",1,910237.84,0.00311472426879473,15093.627
"intent",1,480040.38,0.00123830849461789,5960.3228
"isaac",1,839260.5,0.000948195001462372,4985.163
"isabella",2,762733.9,0.000464129123907655,2308.399
"israel",8,1728089.9,0.00288944270009301,42084.57
"jeanette",2,435899.3,0.000182035302331969,901.0157
"jesus",27,3612464.3,0.0165979657503436,127678.516
"jewry",1,23455.397,1.22356204243722e-05,56.599167
"john",3,4189267.3,0.0259009534209043,206905.66
"join",1,7602852,0.0345995426651119,304542.38
"joseph",6,1268163.1,0.00302512130268547,17978.033
"josephs",1,170400.02,4.82866674327826e-05,269.3502
"joy",35,2720305.7,0.0118052563663217,69196.984
"joyful",3,617261.1,0.000840023122886721,4087.643
"joyous",3,432053.96,0.000573612631012718,2413.7327
"jubilee",1,522064.34,0.000297327450067286,1653.6771
"judeas",2,1418.0914,1.12425302521031e-07,0.40331948
"keeping",2,2735339.6,0.012386476442805,63256.29
"kept",1,972947.6,0.00940285881430018,47806.4
"king",42,3817117.5,0.0193456026688568,127742.04
"kings",4,1805506.9,0.00602910664849699,38513.18
"kite",2,912233,0.00114700041142039,5437.0825
"knee",2,1456212.7,0.00469572382304715,25363.215
"kneeling",1,235073.68,0.000101613735928591,411.78918
"knees",1,805918.2,0.0032360124326645,14139.373
"laid",8,2092099.5,0.00477498366132447,22853.56
"lamb",3,981947.9,0.00237282969745845,12379.286
"land",2,2607210,0.0128284015694647,79443.12
"lanterns",1,170683.85,0.000245555598256351,1207.0007
"lap",1,1340666.1,0.00390290058966884,19467.357
"late",1,5348196.7,0.0444845186517231,341642.94
"laud",5,142283.24,0.000107085100651282,484.7228
"law",1,2935418,0.015532117669793,128407.38
"lay",10,2066858.3,0.00989042861378347,53629.39
"lays",1,522362.94,0.00117484441134477,5437.6206
"leading",5,1157498.2,0.006016664915018,42521.902
"leads",1,1254034.7,0.00614413647052642,55305.855
"leave",2,4553670.5,0.0373091236187217,266986.56
"led",2,1326498.9,0.00544310849665654,37298.445
"left",1,4342539.2,0.0471243397051185,376845.66
"lend",2,461381.7,0.00140870777813893,6023.3745
"lie",2,2269181,0.013803260105175,83406.74
"lies",1,1789663.8,0.00769989654436287,45600.98
"life",2,15841717,0.108056155464257,1283167.9
"lifes",1,1155473.9,0.00159803198758435,6714.194
"light",19,2833426.7,0.0255322171661857,187918.11
"line",1,4319613.3,0.0324286850236325,241354.98
"linen",1,274125.02,0.000371621837483267,1984.0629
"listen",2,5486160,0.0320708914983593,275856.06
"little",15,7427652.4,0.0747132840931744,749018.4
"live",1,17337490,0.095478556007166,1524100.2
"lived",1,1097648,0.00712098118658124,34526.57
"load",1,1858582.6,0.00706203285295938,38565.273
"look",3,8179828,0.0792871388882888,890668.75
"looked",3,1681902.4,0.0174715665635833,102277.914
"lord",29,2513762.3,0.0135879656508472,99352.51
"loud",1,1619195.1,0.0121475914124982,64214.445
"love",15,29024953,0.182405575065822,4316119.5
"loves",2,5607622,0.0227181743689835,140876.53
"lovesong",1,234931.81,5.41889958151368e-05,252.54523
"loving",1,7815154,0.0223596313416935,125185.53
"low",1,2858224,0.0197797142369913,161723.05
"lowing",1,144508.48,8.39442258823695e-06,32.33278
"lowly",9,135845.77,0.000208998637386596,870.56506
"lullaby",1,600591.5,0.000729134299500144,3290.2803
"makes",2,3891957.7,0.0509614527552622,434726.84
"manger",14,721180.3,0.000473048197907656,2230.8271
"mankind",2,450003.83,0.000880945933004376,4094.4324
"mary",15,3281140.7,0.0114802348167334,78941.79
"marys",2,442306.25,0.00038721147943285,1860.1766
"mason",1,930524.96,0.00180099713373565,10549.964
"mean",1,4460424.7,0.0431668753686262,379988.06
"meanly",1,32612.4,8.35694748739661e-06,30.786718
"meek",3,323462.8,0.00024868476917652,1299.6299
"melchior",1,155036.32,1.78568855504237e-05,84.15933
"menzies",1,99806.4,3.08420079916027e-05,154.13527
"mercy",2,1021743.9,0.00265765920139548,13998.4795
"merry",2,7523069,0.0258550651599253,152234.89
"message",1,5310078,0.0231428984243575,150951.94
"messiahs",1,50897.168,1.61705060126082e-05,66.8166
"met",1,3937423,0.0242044930809628,211262.25
"midnight",2,1951361.1,0.01139981325033,62735.74
"mighty",3,1089997.5,0.00380443476221084,18527.69
"mild",7,545012.1,0.00176548947568942,8085.884
"milk",1,2258817.4,0.0109974805677081,62090.97
"mind",2,5785132.8,0.0414444447838023,310648.9
"mine",1,3337209.6,0.0285385259682493,205199.28
"misery",1,754248.23,0.00185466147813902,8030.36
"mocks",1,371492.6,0.000422381861571512,1989.1718
"moor",1,365019.83,0.000184265070831969,978.7891
"morn",3,882303.17,0.00303868728918968,16855.729
"morning",3,12018775,0.0865997490030171,1174182.8
"mortals",1,168016.11,0.00018212899008407,743.5195
"mother",8,3006098.8,0.0178555364467934,113196.79
"mountain",12,1833713.3,0.00780883666250574,50383.742
"mountains",1,1220781.2,0.00324912871795862,15972.191
"music",1,14730242,0.0654607566458953,774589.6
"myrrh",3,69528.716,4.54572973193367e-05,200.44978
"nahum",1,80962.05,1.79880484033649e-05,80.59668
"nails",1,2171311.5,0.00681055618877025,35641.95
"name",8,5761782,0.0476723006296061,416499.78
"natal",1,2802127.3,0.00608153431457263,45786.98
"nations",4,810435.6,0.00256646354350051,18733.182
"naught",1,422565.7,0.000152879673878181,647.4622
"neale",1,119424.134,0.000119002182718511,581.4523
"near",2,2283125.7,0.0184231343241213,134814.19
"newborn",9,690017.24,0.000965096271941367,5029.0576
"news",3,10499261,0.05931399691831,1302172.9
"nigh",3,589720.03,0.000750776170235442,3235.765
"night",35,13516585,0.124044532486781,1823875.4
"noel",30,1196553.1,0.00216514268860127,11430.545
"noise",1,1242673.7,0.0058814172760852,29306.336
"northwest",1,600566.5,0.00148184043742886,14466.936
"obedient",1,160111.36,0.000143717011722717,596.7784
"obey",1,553447.35,0.000887485338101016,4289.236
"offer",1,2104260.3,0.0137867523232548,106972.086
"offered",1,734905.5,0.00424935789693781,22008.404
"offspring",1,519072.2,0.000582025791151375,2683.7551
"oped",1,144254.42,0.000122637267500024,666.6199
"oppression",1,203494.49,0.000270120526857196,1318.5186
"orient",2,296212.56,0.000253631482487445,1405.0306
"owns",1,847321.9,0.00250650338215596,11127.921
"oxen",2,98996.05,4.52324467142946e-05,203.2058
"painful",1,1109544.2,0.00450304559207652,19885.129
"palace",1,1015802.6,0.00211443887716428,12430.038
"pattern",1,806050.3,0.00268655250414339,15810.729
"peace",27,4727698,0.0198992410711216,140924.53
"peaceful",1,1209407.9,0.00313477344774432,14177.621
"peacefully",2,475436.97,0.000580564262218602,2359.1501
"pealed",1,43531.02,1.43154885210112e-05,53.64149
"peasant",1,167241.81,0.000183815369621885,794.2033
"people",2,13831017,0.124940730785827,2194179.8
"perfect",5,4031613,0.0295570804715394,195470.53
"perfume",1,1063423.1,0.00232130143380298,12821.258
"phillips",1,634875.56,0.00133960369218934,7617.495
"pierce",1,723313.9,0.00118902873701284,6958.807
"pining",1,446784.72,0.000139070099218515,536.88544
"plain",1,1158006.1,0.00477299748097993,23105.97
"plains",5,402761.68,0.000577491303949694,4078.8372
"plaintive",1,28297.896,1.56458546008434e-05,59.355183
"play",1,7731132,0.0543697569640402,481822.78
"pleading",1,216279.12,0.000237985627886602,968.37006
"pleased",1,1070221.3,0.00430352815520253,21257.021
"poor",4,3153205.6,0.0200813513236552,125831.65
"poverty",1,699743.8,0.00198722964736174,12147.513
"power",2,3449994.4,0.0274464640546609,234615.98
"powr",2,52273.124,2.70008101554675e-05,113.53443
"praise",2,1289775.2,0.00452695470641266,25406.236
"praises",4,290511,0.000892244675907739,4807.1646
"praising",2,879027.36,0.000571757613521121,2396.659
"pray",5,2388705.7,0.011959391456078,81780.83
"prayer",1,1586217,0.0060038484305306,40064.344
"prepare",1,2134935.5,0.00716094838162746,34730.043
"presence",1,992048.8,0.00402222131074449,20082.621
"prevail",1,380715.4,0.00054537514252952,2279.6963
"prince",2,1939913.5,0.00768254557267379,46424.086
"proceeding",5,232166.16,0.000149244589096668,593.4846
"proclaim",5,158171.62,0.000274748701810979,1118.4722
"prolong",1,138204.72,0.000146583856937004,598.0556
"proof",1,1175455.3,0.00700349674544676,41742.49
"prophets",1,220652.55,0.000254418459605092,1210.4962
"prove",1,1749790.5,0.0062633822414004,29967.645
"published",1,1713381,0.00451792320711014,57461.4
"pure",3,1616103.2,0.00769871607868639,42189.03
"quake",1,1054927.5,0.00271019929277364,19839.756
"quiet",1,2611831.3,0.0118550045626872,64444.473
"quietly",1,635885.75,0.0016076443509499,7364.479
"radiant",1,285214.3,0.000331935705693343,1832.9526
"raise",4,1347184,0.00898072054088413,51210.684
"raising",1,1055600.4,0.00403856045471088,20634.094
"rang",1,583001.35,0.0011802595634162,5143.8022
"rays",1,1200255.5,0.00143615828950449,9021.518
"realm",1,494221.6,0.000695612821798457,4705.125
"realms",1,350400.75,0.000251026962979041,1488.921
"receive",2,1456606.7,0.00849249492713613,51731.977
"reconciled",1,95919.21,6.65932541932905e-05,265.58588
"redeeming",3,193983.78,0.000241883038373997,947.33026
"reign",1,456739.36,0.000972122853348932,4665.4653
"reigns",1,344306.17,0.00044070718588244,1847.136
"rejoice",7,565752.85,0.00140893262874398,6365.793
"rejoiced",1,86945.816,5.32708558445483e-05,222.29625
"rejoices",1,117820.05,0.000129420260752126,563.97504
"remember",1,3967332,0.0396272584065036,306173.6
"repeat",5,1337438.9,0.00759144360253091,36775.477
"replies",1,799110.74,0.00337911110522336,20634.832
"reply",1,4999742.4,0.0209753573293025,182518.2
"residing",1,201274.9,0.000111657062953804,464.89294
"rest",5,4396779,0.0318425557089391,199662.77
"reverently",1,18227.918,8.30073483613609e-06,31.324478
"revolved",1,72669.04,4.93921829075728e-05,181.76265
"righteousness",3,223621.33,0.000330998828172334,1669.0704
"ring",1,2130917.7,0.0114943254546493,74502.32
"ringing",2,588603.5,0.0020089277307483,8370.56
"rise",1,1651422.2,0.00926459442974973,66001.96
"risen",1,557115.2,0.000631905150369873,2954.7185
"road",1,3186714.6,0.0231559772345508,161008.84
"rocks",1,7091897,0.0206867428401806,130779.23
"rolled",2,620524.4,0.00276628078118122,11867.003
"round",2,3577270.8,0.0244605791825553,196197.72
"royal",7,1925491.4,0.0069754841075686,49361.13
"rules",1,4555365.5,0.0196553156397518,145543.14
"run",1,4546242.8,0.0371264512396754,304250.84
"sack",1,1147898.8,0.00247755386675679,11309.213
"sacred",1,645277.96,0.00135596157370615,7313.728
"sacrifice",1,1013666.4,0.00214782919201303,9721.344
"sad",1,7837643,0.0362028399043643,245745.23
"sadness",1,1123744.1,0.00182217056571044,7680.8164
"sages",1,130536.37,6.32579702184999e-05,299.53192
"saints",6,3330745.3,0.00765709997920319,59459.37
"salvation",2,889392.1,0.00227009170850465,12613.481
"sang",1,998604,0.00482821704206818,23849.826
"satans",2,205140,7.91661505252257e-05,336.09955
"save",4,3480930.6,0.0259447056011354,235116.97
"savior",3,546116.96,0.00101360778997919,4699.7476
"saviors",2,91067.435,6.13654776260625e-05,253.1502
"saviour",8,360730.7,0.000358280701584104,1618.9244
"saviours",1,166510.07,3.63883229159736e-05,180.08215
"scorn",1,139594.24,0.000163822403323562,710.7833
"sea",2,2506378.3,0.0114817712958678,73248.664
"sealed",1,342673.2,0.00095353520333212,5646.271
"seated",1,396055.2,0.00066977373976904,2786.5342
"seek",5,1229751.6,0.00497041631220686,30496.398
"seeker",1,556685.2,0.000576160937869862,3357.3657
"seen",2,3547709.7,0.0413843534596048,350404.66
"seized",1,185440.64,0.000591188453306839,4288.765
"send",2,4600524,0.0339077335660487,265317
"seraph",1,101270.74,1.1785919214288e-05,64.93443
"serenely",1,63224.46,2.59889824327782e-05,102.17427
"set",1,4932943.3,0.0376767918330663,325685.4
"shareth",1,5060.5163,7.12026915966527e-07,2.5543568
"shavings",1,78574.27,6.40636848865673e-05,259.46887
"shed",1,885001.85,0.00244907279011813,11868.818
"sheep",1,1224573.2,0.00269342918514759,13546.09
"shelter",1,834629.6,0.00252183069839966,16020.993
"shepherd",3,546329.4,0.000871427257390928,4960.7627
"shepherds",18,296042.27,0.000274186575298373,1295.4622
"shines",1,488376.6,0.00134934721840783,5994.4033
"shineth",1,22366.66,4.49701210084122e-06,17.141077
"shining",3,1370543,0.00380522173932848,17021.291
"shivers",1,299335.08,0.000513540044365648,2172.0771
"shone",2,235515.84,0.000176807525764741,964.068
"shop",1,3376099.3,0.0198522847697686,146490.28
"sighing",1,870093.5,0.000153985189352972,668.0315
"sight",1,1252258.1,0.00515644271277833,23192.484
"sign",1,5213649,0.0298355017332328,221503.92
"silent",8,2099463,0.00597486144003059,29930.61
"silently",2,377268.36,0.000534132612277416,2153.9277
"silver",2,1391409.8,0.00663659677066938,56145.633
"sin",5,2911869.2,0.00818478687413607,60251.156
"sing",30,2981506.3,0.0176947682641884,110131.49
"singing",3,5114512.5,0.0174645774572766,105753.32
"sings",1,822004.8,0.00422795961435798,20765.105
"sinners",2,241846.91,0.000404581188672349,2124.3508
"skies",2,850819.34,0.00274746828055937,14123.105
"sky",4,2695035.4,0.013627689257738,82955.96
"slave",1,1010682.4,0.00214567437371471,10505.263
"sleep",5,15942140,0.0711012277611275,754480.1
"sleeping",3,13340347,0.0187772365519617,104010.18
"sleeps",1,1352916.9,0.00267152498870641,12110.004
"slow",1,2931564.3,0.0198785735530081,120614.98
"slumbers",1,125070.95,5.73556418361458e-05,236.74854
"smiles",1,1413621.8,0.00387172130576967,33249.523
"smoothed",1,65545.33,3.96673942395036e-05,152.79086
"softly",1,588157.85,0.000819824043533775,4376.823
"solemn",1,133685.14,0.000126216139630277,515.7112
"son",14,5127958,0.0245183845256015,213423.1
"song",10,7484800,0.0634654885894033,778144.1
"songs",1,4216069,0.0258105634776774,189574.2
"sons",1,1293935.2,0.00302077419098799,15456.144
"sorrow",1,1276509.6,0.00209135421504663,9822.645
"sorrowing",1,138526.08,3.57887213025281e-06,17.813276
"soul",4,2477314,0.0138576177389439,89449.2
"souls",1,695714.67,0.00215438733466009,10666.792
"sounding",3,503538.76,0.00247719785329881,10522.941
"sounds",1,3642878,0.0352105179716624,290653.6
"spake",1,101187.96,2.8799614995804e-05,129.33112
"spear",1,294079.42,0.00029558485787821,1386.2762
"spreads",1,360668.03,0.000978812158848933,5713.155
"springing",1,234629.62,0.000135491227088262,522.7021
"stable",2,588189.64,0.00195674365282812,9534.069
"stall",1,383574.84,0.00108269313837836,5149.718
"stand",1,2881981.7,0.0219744809928069,135432.6
"standing",1,1916359,0.00958882900222038,46330.32
"stands",1,799049.3,0.00451977822460173,22366.688
"star",28,3985381.7,0.0293504989781571,259998.89
"stars",7,2914464.8,0.0146442575806836,136424.1
"stay",3,5372537.8,0.0432654910964875,317907.1
"steps",1,1594787.5,0.0078800393541024,51875.086
"stillness",1,243963.7,0.000237460976474837,1114.3044
"stone",1,1692427.1,0.00764478940857714,44681.21
"stood",1,682973.94,0.00299589072403,12787.177
"stop",1,7243276.6,0.0592985009641126,525614.4
"storm",1,2573589.3,0.0122381874687797,77431.9
"story",2,3696418.4,0.0340744790272378,281533.34
"straightway",1,15091.578,2.24850605042061e-06,9.007468
"strains",5,157293.9,0.000305365859197539,1334.517
"stranger",2,1356863.9,0.00391980186014783,19044.074
"stream",1,2490743.8,0.00749693139821156,63362.7
"streets",1,1214545.5,0.00691215118714842,36874.293
"strength",1,1186089.8,0.00608732421765246,32909.125
"strife",2,194845.91,0.000206319167676511,871.8423
"strong",1,2415165.5,0.0167398090070243,101429.47
"sublime",2,847800.9,0.000858236021895127,3985.267
"suddenly",1,1055943.5,0.00634880673376596,31158.713
"suffered",1,371687.52,0.00125459142593302,6112.307
"sung",1,511828,0.00149452575906332,6538.3467
"swaddling",1,66630.906,2.52769555168117e-05,112.055595
"swathing",1,5690.461,7.86977117647214e-07,2.9576762
"sweet",6,6885560,0.0379513156842722,289711.56
"sweetly",2,264829.78,0.000214826015567269,961.4464
"swiftly",2,197942.14,0.000246211412521057,1000.1651
"tail",2,948564.8,0.00310807243839557,14938.079
"taught",1,815234.9,0.00472607865472782,22186.268
"tears",1,1731938.3,0.00888056833388831,47150.13
"tell",13,5256230.5,0.0597774514904026,594395.44
"tempest",1,292941.23,0.000189961286159701,898.05804
"temple",1,969650.2,0.00268199927939129,15668.559
"tender",2,641987.6,0.00149797346834063,9009.082
"thee",8,1953679,0.00467996554314378,35842.934
"thorns",1,234093.39,0.000263075207899212,1276.3717
"thousand",1,1149327.6,0.00525946176498843,28980.252
"thrill",1,572312.33,0.00118396959839939,5332.2197
"throng",1,105998.06,5.63812892142968e-05,236.14355
"throughout",1,658156.5,0.00372905359687048,18374.967
"throwing",1,1193334.3,0.00627438118349704,28672.184
"thy",12,736317.3,0.00171146911782807,10493.432
"tide",1,1311198.7,0.00202991378721889,12661.812
"tidings",19,139562.47,0.000140812691407591,643.8996
"till",4,4780581.7,0.0292716326284386,214974.73
"time",3,17956765,0.175564738995572,3188536.5
"toil",1,165472.07,0.000145309703508432,619.4987
"tomb",1,443053.96,0.000549366240769016,2695.8547
"tongue",1,985672.3,0.00474309235050934,24214.764
"tonight",1,9811901,0.0893120469014378,1041971.94
"tools",1,1546931.8,0.00779137326551414,72321.766
"torch",3,627642.1,0.00140156877142885,7594.4385
"town",3,4477561.5,0.0301786799691782,216398.58
"traveled",1,369306.94,0.000965695873554813,4019.3477
"traverse",1,287457.43,0.000225618844609288,1417.6007
"trees",1,1424227.8,0.00630278730993402,33045.043
"trembled",1,41684.016,1.47464521806752e-05,57.136925
"trials",1,623509.87,0.00167920305600453,9899.611
"triumph",1,466708.82,0.00115264041409687,5764.9814
"triumphant",1,180206.12,0.000293917215890814,1219.0332
"troubled",1,472942.16,0.00109704610200022,5618.576
"true",1,5660962.3,0.0425828633971303,356429.5
"truly",1,1698622.4,0.0124498093632251,68526.06
"trust",1,2418950.2,0.0166752581458268,108346.4
"truth",2,2394856.4,0.0167780898225327,117447.17
"unbroken",1,510071.87,0.000150724855579862,650.2854
"unfurled",1,45995.366,1.87188128697516e-05,74.68133
"unite",1,1017345.1,0.00211368937514748,10632.106
"unto",2,460929.53,0.000766365812185025,4485.316
"urged",1,251735.07,0.000847668043458151,6364.919
"veiled",1,115620.74,0.000142386645642885,574.663
"view",1,4211148.2,0.0197796954994409,140351.47
"village",2,1673928.2,0.00655057267669037,44153.2
"virgin",3,2532475.9,0.00491958133791694,26875.396
"visions",1,455556.32,0.000971448301533805,4305.301
"voice",7,2773903.5,0.0238540072003534,176015.75
"voices",1,1002309.1,0.00386690575531169,18907.215
"wadeca",1,952.3225,1.31162852941202e-07,0.73941904
"wadsworth",1,130791.26,0.000123592882571453,655.5958
"wakes",2,612536.1,0.00182573070029028,7477.342
"wall",1,2537018.2,0.0164581274115579,120820.125
"war",1,3144322.7,0.017386198283869,148797.27
"warm",1,2920536.8,0.0189304722392979,109221.67
"watch",3,9782443,0.0745268829415946,789906.2
"watched",2,3466759.8,0.0270637683248793,166763.33
"watching",4,38069047,0.0999493917500702,1061554.1
"watchman",1,356557.34,0.000129663848907589,590.19086
"weak",1,1606490,0.00675175775555175,37933.61
"weakness",1,619694.53,0.00173672733579446,7945.394
"weary",3,527326.95,0.000899552320571606,3756.316
"westward",5,144871.21,8.1283493722705e-05,390.07715
"wherein",1,113862.196,0.000184208858180709,803.5469
"wherever",1,745896.2,0.00258143484628622,11274.46
"whisper",1,570801.14,0.00129407144466832,5826.891
"white",1,3731783,0.0352867985394229,329947.06
"wide",1,1989442.9,0.0119359507805024,72876.54
"wild",1,2344508,0.0141986036814902,88194.21
"william",1,1506270,0.00506460997816907,31472.969
"wind",2,2087085.3,0.0116649121136746,158115.3
"wing",2,1034695.7,0.00365563987432425,20848.795
"wings",1,2291577.6,0.00720117790237957,42159.86
"winters",1,597415.67,0.000809049952042177,3412.3516
"wise",4,1185713.9,0.00694820223415683,36169.29
"woes",1,367196.8,0.00134696754950447,8284.519
"wonder",5,3434258.3,0.0308018346835019,214301.05
"wondering",3,9176116,0.0225891288592398,120932.32
"wonders",8,1722965,0.00490354199475727,24402.777
"wondrous",4,243506.67,0.000234744031663912,1022.28046
"word",2,4426042,0.0359793384029525,298260.28
"words",1,2908005.4,0.02828347043193,196938.28
"world",14,11561448,0.0887083792395511,1002042.9
"worship",16,1313513.8,0.00353549470103011,25950.182
"worth",1,3439203.8,0.0295385115590731,194256.47
"wrapped",1,725170.66,0.00411366055679493,18329.459
"wrong",2,3820088.5,0.0381689148573017,285567.06
"yea",1,5160102,0.0181090555039784,272633.06
"yon",1,302714.24,0.000200622952348779,1175.7435
"yonder",3,180353.75,0.000178044204092472,778.5411
